"Chemistry Student Text, 5th Edition (Addison-Wesley) - USED",Used Books
"College Physics, 6th Edition (USED)",
"Enjoyment of Music, Essential Listening Edition - USED",
In God We Trust - USED,
Sociology: A Christian Approach for Changing the World (USED),
The Companion Guide to Beautiful Girlhood (USED),
West in the World Volume 1: To 1715 (USED),
West in the World Volume 2: Renaissance to Present (USED),
Write On Track Handbook (Used),
Write Source Student Edition Grade 8 (2005) - USED,
Writers Inc. - USED,
"The Bedford Handbook, 7th Edition - USED",
